1,COTY,Charles,1969-06-20,CharlesCOTY@gmail.com,06.77.33.56.37.,rue de France,ECO,E2,0f06349a64acd58822a0d32faa7860a298548f9eecec18afd954ea6eb6651e0a0f06349a64acd58822a0d32faa7860a298548f9eecec18afd954ea6eb6651e0a,account,0f06349a64acd58822a0d32faa7860a298548f9eecec18afd954ea6eb6651e0a,2020-04-24 à 12:20:46,0
2,FALLIERES,Florian,1969-06-20,FlorianFALLIERES@gmail.com,06.82.78.54.54.,rue de France,TS1,F2,0283618688866801eed84fec2fa2f6f9d41cedd5f39b69d40b65190643bbc32f0283618688866801eed84fec2fa2f6f9d41cedd5f39b69d40b65190643bbc32f,account,0283618688866801eed84fec2fa2f6f9d41cedd5f39b69d40b65190643bbc32f,2020-04-24 à 12:20:46,0
3,MITTERRAND,Jean,1969-06-20,JeanMITTERRAND@gmail.com,06.92.52.90.20.,rue de France,ECO,E2,47d4fc48ee880c3677d18c0d3b42fbfa76a3d4a6ec7a9a01cf364a1f411a61ad47d4fc48ee880c3677d18c0d3b42fbfa76a3d4a6ec7a9a01cf364a1f411a61ad,account,47d4fc48ee880c3677d18c0d3b42fbfa76a3d4a6ec7a9a01cf364a1f411a61ad,2020-04-24 à 12:20:46,0
4,LEBRUN,Martin,1969-06-20,MartinLEBRUN@gmail.com,06.86.96.78.76.,rue de France,L1-MIPI,A1,a982645a8206c21ae94bbd6c3f8ea6d567d873925fa71bf9ef94d7101b205ed3a982645a8206c21ae94bbd6c3f8ea6d567d873925fa71bf9ef94d7101b205ed3,account,a982645a8206c21ae94bbd6c3f8ea6d567d873925fa71bf9ef94d7101b205ed3,2020-04-24 à 12:20:46,0
5,COTY,Jesus,1969-06-20,JesusCOTY@gmail.com,06.27.13.74.41.,rue de France,LP-RS,C3,d2c0bad7a510e249933f005d4e62c7af3ae0aae1176f71c946a90b31d5968f5bd2c0bad7a510e249933f005d4e62c7af3ae0aae1176f71c946a90b31d5968f5b,account,d2c0bad7a510e249933f005d4e62c7af3ae0aae1176f71c946a90b31d5968f5b,2020-04-24 à 12:20:46,0
6,CHIRAC,Georges,1969-06-20,GeorgesCHIRAC@gmail.com,06.47.16.60.14.,rue de France,ECO,E1,d1c78888d042c8fc92c205381828d306967c968aef160ab8937e13fefe7756c0d1c78888d042c8fc92c205381828d306967c968aef160ab8937e13fefe7756c0,account,d1c78888d042c8fc92c205381828d306967c968aef160ab8937e13fefe7756c0,2020-04-24 à 12:20:46,0
7,CASIMIR-PERIER,Joseph,1969-06-20,JosephCASIMIR-PERIER@gmail.com,06.62.38.65.91.,rue de France,LP-RS,C1,ce3af5105e91b2b25e04325345b37e22ef4bb333d329f093f9e0acccd6d76327ce3af5105e91b2b25e04325345b37e22ef4bb333d329f093f9e0acccd6d76327,account,ce3af5105e91b2b25e04325345b37e22ef4bb333d329f093f9e0acccd6d76327,2020-04-24 à 12:20:46,0
8,DE GAULLE,Emmanuel,1969-06-20,EmmanuelDE GAULLE@gmail.com,06.11.48.68.15.,rue de France,L1-MIPI,A1,7f5e38634b0ae6a0f21f0aa38786ff0b5d6e1e6930a44c95f92651ac90261bdb7f5e38634b0ae6a0f21f0aa38786ff0b5d6e1e6930a44c95f92651ac90261bdb,account,7f5e38634b0ae6a0f21f0aa38786ff0b5d6e1e6930a44c95f92651ac90261bdb,2020-04-24 à 12:20:46,0
9,POMPIDOU,Martine,1969-06-20,MartinePOMPIDOU@gmail.com,06.77.33.65.58.,rue de France,ECO,E3,37d8cb290d177e9d0baf880d70f1c280fb219a41fa4cebbae0022f610358be4a37d8cb290d177e9d0baf880d70f1c280fb219a41fa4cebbae0022f610358be4a,account,37d8cb290d177e9d0baf880d70f1c280fb219a41fa4cebbae0022f610358be4a,2020-04-24 à 12:20:46,0
10,LEBRUN,Thibault,1969-06-20,ThibaultLEBRUN@gmail.com,06.59.81.74.47.,rue de France,L2-MIPI,B1,4d5f9fa090697a002f75910b9ca34769238a7c3080140b7b6e5f00c7daee9fd54d5f9fa090697a002f75910b9ca34769238a7c3080140b7b6e5f00c7daee9fd5,account,4d5f9fa090697a002f75910b9ca34769238a7c3080140b7b6e5f00c7daee9fd5,2020-04-24 à 12:20:46,0
11,LEBRUN,Killian,1969-06-20,KillianLEBRUN@gmail.com,06.66.42.24.50.,rue de France,TS1,F3,22c6c0545b760c5365fbc80db3eccb2fa8f49cd0a0c631412c0f0887bfe76e0d22c6c0545b760c5365fbc80db3eccb2fa8f49cd0a0c631412c0f0887bfe76e0d,account,22c6c0545b760c5365fbc80db3eccb2fa8f49cd0a0c631412c0f0887bfe76e0d,2020-04-24 à 12:20:46,0
12,LEBRUN,Ariana,1969-06-20,ArianaLEBRUN@gmail.com,06.39.39.30.13.,rue de France,L2-MIPI,B3,b735d76441778f107ac39b24cc8ed73454ee8c2bc3515ba47e561749c5935133b735d76441778f107ac39b24cc8ed73454ee8c2bc3515ba47e561749c5935133,account,b735d76441778f107ac39b24cc8ed73454ee8c2bc3515ba47e561749c5935133,2020-04-24 à 12:20:46,0
13,GREVY,Eden,1969-06-20,EdenGREVY@gmail.com,06.84.89.25.49.,rue de France,L1-MIPI,A3,b9568a0a0e50d8aadeb34436bc930ff636821e494f53219407af1d578b2a1271b9568a0a0e50d8aadeb34436bc930ff636821e494f53219407af1d578b2a1271,account,b9568a0a0e50d8aadeb34436bc930ff636821e494f53219407af1d578b2a1271,2020-04-24 à 12:20:46,0
14,CHIRAC,Gilbert,1969-06-20,GilbertCHIRAC@gmail.com,06.19.17.50.61.,rue de France,TS1,F1,b5c7b7a65f75e0c3036c0cee0cc3e4df5baf532134a828fd24241d6da4639461b5c7b7a65f75e0c3036c0cee0cc3e4df5baf532134a828fd24241d6da4639461,account,b5c7b7a65f75e0c3036c0cee0cc3e4df5baf532134a828fd24241d6da4639461,2020-04-24 à 12:20:46,0
15,DOUMERGUE,Ariana,1969-06-20,ArianaDOUMERGUE@gmail.com,06.74.69.34.85.,rue de France,TS1,F2,ad313f92a068314e3d7cc5106b8a472794a03c3e7130c06ef330a02ed07f6721ad313f92a068314e3d7cc5106b8a472794a03c3e7130c06ef330a02ed07f6721,account,ad313f92a068314e3d7cc5106b8a472794a03c3e7130c06ef330a02ed07f6721,2020-04-24 à 12:20:46,0
16,HOLLANDE,Martin,1969-06-20,MartinHOLLANDE@gmail.com,06.17.92.38.94.,rue de France,TS1,F3,c2c4f96dc8e9060b5b20ac42d730566795f4ecfca8f78508712a4886acb3b2f4c2c4f96dc8e9060b5b20ac42d730566795f4ecfca8f78508712a4886acb3b2f4,account,c2c4f96dc8e9060b5b20ac42d730566795f4ecfca8f78508712a4886acb3b2f4,2020-04-24 à 12:20:46,0
17,FALLIERES,Florian,1969-06-20,FlorianFALLIERES@gmail.com,06.58.14.85.77.,rue de France,L2-MIPI,B1,0283618688866801eed84fec2fa2f6f9d41cedd5f39b69d40b65190643bbc32f0283618688866801eed84fec2fa2f6f9d41cedd5f39b69d40b65190643bbc32f,account,0283618688866801eed84fec2fa2f6f9d41cedd5f39b69d40b65190643bbc32f,2020-04-24 à 12:20:46,0
18,MITTERRAND,Marie,1969-06-20,MarieMITTERRAND@gmail.com,06.39.32.30.97.,rue de France,LPI-RIWS,D2,d8f9b458b5ed904c8fc33eba6b97e8e6bb3bc9d6a3360f3a1a4a90ad53d18725d8f9b458b5ed904c8fc33eba6b97e8e6bb3bc9d6a3360f3a1a4a90ad53d18725,account,d8f9b458b5ed904c8fc33eba6b97e8e6bb3bc9d6a3360f3a1a4a90ad53d18725,2020-04-24 à 12:20:46,0
19,LOUBET,Patrick,1969-06-20,PatrickLOUBET@gmail.com,06.47.96.48.92.,rue de France,LPI-RIWS,D3,eccef73cb5eb417c081819193b32a23bb6d18c47d2fa35adc99db463ee3e2827eccef73cb5eb417c081819193b32a23bb6d18c47d2fa35adc99db463ee3e2827,account,eccef73cb5eb417c081819193b32a23bb6d18c47d2fa35adc99db463ee3e2827,2020-04-24 à 12:20:46,0
20,POINCARE,Emmanuel,1969-06-20,EmmanuelPOINCARE@gmail.com,06.89.33.41.38.,rue de France,LPI-RIWS,D1,0c1adb992b48f5beb18dad0848b0a69b4e481975a5d1fe932fbd4b073542a6450c1adb992b48f5beb18dad0848b0a69b4e481975a5d1fe932fbd4b073542a645,account,0c1adb992b48f5beb18dad0848b0a69b4e481975a5d1fe932fbd4b073542a645,2020-04-24 à 12:20:46,0
21,CASIMIR-PERIER,Nicolas,1969-06-20,NicolasCASIMIR-PERIER@gmail.com,06.77.21.36.70.,rue de France,ECO,E2,9098feed6ad55f2f49425110e30559e6079c4333bca538e785e730b0fc48bdf89098feed6ad55f2f49425110e30559e6079c4333bca538e785e730b0fc48bdf8,account,9098feed6ad55f2f49425110e30559e6079c4333bca538e785e730b0fc48bdf8,2020-04-24 à 12:20:46,0
22,CHIRAC,Martin,1969-06-20,MartinCHIRAC@gmail.com,06.26.94.26.15.,rue de France,L2-MIPI,B2,e93c08fd235f7220bb6234200a42904a0d509934627fa9f280ccbef188adec16e93c08fd235f7220bb6234200a42904a0d509934627fa9f280ccbef188adec16,account,e93c08fd235f7220bb6234200a42904a0d509934627fa9f280ccbef188adec16,2020-04-24 à 12:20:46,0
23,HOLLANDE,Nicolas,1969-06-20,NicolasHOLLANDE@gmail.com,06.75.21.39.20.,rue de France,L2-MIPI,B2,1770133143e257289862a589dd5e4d59a00a16c92373c898c2f0c9c31f3bac821770133143e257289862a589dd5e4d59a00a16c92373c898c2f0c9c31f3bac82,account,1770133143e257289862a589dd5e4d59a00a16c92373c898c2f0c9c31f3bac82,2020-04-24 à 12:20:46,0
24,MITTERRAND,Francois,1969-06-20,FrancoisMITTERRAND@gmail.com,06.12.41.54.90.,rue de France,LP-RS,C3,b3cdee525ec5c106f825b9868be8aa37cdde48d91ed9e237a80bb958dd900f34b3cdee525ec5c106f825b9868be8aa37cdde48d91ed9e237a80bb958dd900f34,account,b3cdee525ec5c106f825b9868be8aa37cdde48d91ed9e237a80bb958dd900f34,2020-04-24 à 12:20:46,0
25,GREVY,Eden,1969-06-20,EdenGREVY@gmail.com,06.74.45.42.49.,rue de France,LP-RS,C1,b9568a0a0e50d8aadeb34436bc930ff636821e494f53219407af1d578b2a1271b9568a0a0e50d8aadeb34436bc930ff636821e494f53219407af1d578b2a1271,account,b9568a0a0e50d8aadeb34436bc930ff636821e494f53219407af1d578b2a1271,2020-04-24 à 12:20:46,0
26,GREVY,Jacqueline,1969-06-20,JacquelineGREVY@gmail.com,06.32.19.51.60.,rue de France,ECO,E2,84ae1fef62e0b58150d47534a50c113eb83957dbeee1e16f359ef1be35e85e3b84ae1fef62e0b58150d47534a50c113eb83957dbeee1e16f359ef1be35e85e3b,account,84ae1fef62e0b58150d47534a50c113eb83957dbeee1e16f359ef1be35e85e3b,2020-04-24 à 12:20:46,0
27,LOUBET,Valerie,1969-06-20,ValerieLOUBET@gmail.com,06.73.49.20.56.,rue de France,TS1,F1,3b8c1dcdb2a0f7ed08c388de3e5930f44994916e685241f06571b4eeace098fc3b8c1dcdb2a0f7ed08c388de3e5930f44994916e685241f06571b4eeace098fc,account,3b8c1dcdb2a0f7ed08c388de3e5930f44994916e685241f06571b4eeace098fc,2020-04-24 à 12:20:46,0
28,MILLERAND,Quentin,1969-06-20,QuentinMILLERAND@gmail.com,06.59.18.71.38.,rue de France,ECO,E3,d4bdcc780be22363c02ef950c3c6a76ff11c8b48efda42d6c78b71ccf0ce91ead4bdcc780be22363c02ef950c3c6a76ff11c8b48efda42d6c78b71ccf0ce91ea,account,d4bdcc780be22363c02ef950c3c6a76ff11c8b48efda42d6c78b71ccf0ce91ea,2020-04-24 à 12:20:46,0
29,DESCHANEL,Nicolas,1969-06-20,NicolasDESCHANEL@gmail.com,06.22.12.30.96.,rue de France,LPI-RIWS,D1,265b3dcd9fb9bf1ccbc9a0f1d5bb326e97edc25fc721aa0da3cb5ba49f536357265b3dcd9fb9bf1ccbc9a0f1d5bb326e97edc25fc721aa0da3cb5ba49f536357,account,265b3dcd9fb9bf1ccbc9a0f1d5bb326e97edc25fc721aa0da3cb5ba49f536357,2020-04-24 à 12:20:46,0
30,GREVY,Bernard,1969-06-20,BernardGREVY@gmail.com,06.69.32.96.62.,rue de France,LPI-RIWS,D3,674811dd99e43e2c1f643942588f2e4edee3c01289732984bd44caf896c9e607674811dd99e43e2c1f643942588f2e4edee3c01289732984bd44caf896c9e607,account,674811dd99e43e2c1f643942588f2e4edee3c01289732984bd44caf896c9e607,2020-04-24 à 12:20:46,0
31,DOUMERGUE,Bernard,1969-06-20,BernardDOUMERGUE@gmail.com,06.91.73.78.82.,rue de France,L1-MIPI,A1,68258e652100df9fc5b26dca352a02e417e34a7fb2d2453e425543aedf61f54968258e652100df9fc5b26dca352a02e417e34a7fb2d2453e425543aedf61f549,account,68258e652100df9fc5b26dca352a02e417e34a7fb2d2453e425543aedf61f549,2020-04-24 à 12:20:46,0
32,DESCHANEL,Nour,1969-06-20,NourDESCHANEL@gmail.com,06.74.53.85.78.,rue de France,Indefini,Indefini,01e51b3f1b7e7306af4b6eba48f05983ce929a27b97f6ae41359a881d5d1484d01e51b3f1b7e7306af4b6eba48f05983ce929a27b97f6ae41359a881d5d1484d,account,01e51b3f1b7e7306af4b6eba48f05983ce929a27b97f6ae41359a881d5d1484d,2020-04-24 à 12:20:46,0
33,DOUMERGUE,Jacqueline,1969-06-20,JacquelineDOUMERGUE@gmail.com,06.21.11.78.11.,rue de France,L1-MIPI,A3,8546f63c77fea13ac0df4291d0863d2260f96b15240b61fb0c663956a364bb4c8546f63c77fea13ac0df4291d0863d2260f96b15240b61fb0c663956a364bb4c,account,8546f63c77fea13ac0df4291d0863d2260f96b15240b61fb0c663956a364bb4c,2020-04-24 à 12:20:46,0
34,LEBRUN,Joseph,1969-06-20,JosephLEBRUN@gmail.com,06.34.65.44.35.,rue de France,L2-MIPI,B1,01d4c7b9f57704f659d4a867b6d020ae68799ab6653e50224295226eba3062cd01d4c7b9f57704f659d4a867b6d020ae68799ab6653e50224295226eba3062cd,account,01d4c7b9f57704f659d4a867b6d020ae68799ab6653e50224295226eba3062cd,2020-04-24 à 12:20:46,0
35,LEBRUN,Eden,1969-06-20,EdenLEBRUN@gmail.com,06.32.86.44.62.,rue de France,L1-MIPI,A3,ab6993b145c54ad53ad6553798ce3738c714a8c9fbee6491f92c79b19803e17eab6993b145c54ad53ad6553798ce3738c714a8c9fbee6491f92c79b19803e17e,account,ab6993b145c54ad53ad6553798ce3738c714a8c9fbee6491f92c79b19803e17e,2020-04-24 à 12:20:46,0
36,HOLLANDE,Benjamin,1969-06-20,BenjaminHOLLANDE@gmail.com,06.78.53.90.83.,rue de France,LP-RS,C2,a9e14c97d1db0b0eaa136608cdf6ccfb81e7e0dee750af13a7a1e6a4a3e8a2a1a9e14c97d1db0b0eaa136608cdf6ccfb81e7e0dee750af13a7a1e6a4a3e8a2a1,account,a9e14c97d1db0b0eaa136608cdf6ccfb81e7e0dee750af13a7a1e6a4a3e8a2a1,2020-04-24 à 12:20:46,0
37,COTY,Marine,1969-06-20,MarineCOTY@gmail.com,06.48.88.81.94.,rue de France,LPI-RIWS,D1,c6e7dc66fe21b1215d5a79a8f757ba9daa9ae382ccfa4aa563e073444bfbba21c6e7dc66fe21b1215d5a79a8f757ba9daa9ae382ccfa4aa563e073444bfbba21,account,c6e7dc66fe21b1215d5a79a8f757ba9daa9ae382ccfa4aa563e073444bfbba21,2020-04-24 à 12:20:46,0
38,CARNOT,Jesus,1969-06-20,JesusCARNOT@gmail.com,06.19.48.52.60.,rue de France,L2-MIPI,B1,d2c0bad7a510e249933f005d4e62c7af3ae0aae1176f71c946a90b31d5968f5bd2c0bad7a510e249933f005d4e62c7af3ae0aae1176f71c946a90b31d5968f5b,account,d2c0bad7a510e249933f005d4e62c7af3ae0aae1176f71c946a90b31d5968f5b,2020-04-24 à 12:20:46,0
39,MILLERAND,Eden,1969-06-20,EdenMILLERAND@gmail.com,06.20.87.93.80.,rue de France,ECO,E3,02a90e938f70fef979169777b35ffbbb1ea63bea6b9e23c56a0a715cbf945b1e02a90e938f70fef979169777b35ffbbb1ea63bea6b9e23c56a0a715cbf945b1e,account,02a90e938f70fef979169777b35ffbbb1ea63bea6b9e23c56a0a715cbf945b1e,2020-04-24 à 12:20:46,0
40,POMPIDOU,Nicolas,1969-06-20,NicolasPOMPIDOU@gmail.com,06.51.83.91.61.,rue de France,L2-MIPI,B3,10a25fd4bc5e152645d000a473a17c9726fc934e0a30ed8008bd4ae734efa78210a25fd4bc5e152645d000a473a17c9726fc934e0a30ed8008bd4ae734efa782,account,10a25fd4bc5e152645d000a473a17c9726fc934e0a30ed8008bd4ae734efa782,2020-04-24 à 12:20:46,0
41,DE GAULLE,Killian,1969-06-20,KillianDE GAULLE@gmail.com,06.14.92.75.71.,rue de France,LP-RS,C3,bd49b597f85b4f3f3c201884e380697bafaeeb078245bc56194bbfd5217b3e54bd49b597f85b4f3f3c201884e380697bafaeeb078245bc56194bbfd5217b3e54,account,bd49b597f85b4f3f3c201884e380697bafaeeb078245bc56194bbfd5217b3e54,2020-04-24 à 12:20:46,0
42,SARKOZY,Jacque,1969-06-20,JacqueSARKOZY@gmail.com,06.22.78.67.10.,rue de France,LPI-RIWS,D2,cfbb584273abefc9ac24e077e7fd3e54df3c712ffcb5a01466d14410dce28e25cfbb584273abefc9ac24e077e7fd3e54df3c712ffcb5a01466d14410dce28e25,account,cfbb584273abefc9ac24e077e7fd3e54df3c712ffcb5a01466d14410dce28e25,2020-04-24 à 12:20:46,0
43,POMPIDOU,Benjamin,1969-06-20,BenjaminPOMPIDOU@gmail.com,06.33.87.77.62.,rue de France,ECO,E3,fa6fbf532dd01fdabd741a6401fb79cb93045fe43100cec885cffe653be0e60cfa6fbf532dd01fdabd741a6401fb79cb93045fe43100cec885cffe653be0e60c,account,fa6fbf532dd01fdabd741a6401fb79cb93045fe43100cec885cffe653be0e60c,2020-04-24 à 12:20:46,0
44,DOUMERGUE,Jacque,1969-06-20,JacqueDOUMERGUE@gmail.com,06.16.57.40.74.,rue de France,TS1,F2,5913f17fce865afafddf40a4cd5f209976965537bdf5fd76f824b668cd42dae65913f17fce865afafddf40a4cd5f209976965537bdf5fd76f824b668cd42dae6,account,5913f17fce865afafddf40a4cd5f209976965537bdf5fd76f824b668cd42dae6,2020-04-24 à 12:20:46,0
45,POINCARE,Jean,1969-06-20,JeanPOINCARE@gmail.com,06.31.40.36.64.,rue de France,L1-MIPI,A3,7377e37bd0f38a507da03a79d4f0eb1b0aa21b6e783bdb4b327a7445982954417377e37bd0f38a507da03a79d4f0eb1b0aa21b6e783bdb4b327a744598295441,account,7377e37bd0f38a507da03a79d4f0eb1b0aa21b6e783bdb4b327a744598295441,2020-04-24 à 12:20:46,0
46,CARNOT,Joseph,1969-06-20,JosephCARNOT@gmail.com,06.79.72.73.26.,rue de France,L2-MIPI,B1,ce3af5105e91b2b25e04325345b37e22ef4bb333d329f093f9e0acccd6d76327ce3af5105e91b2b25e04325345b37e22ef4bb333d329f093f9e0acccd6d76327,account,ce3af5105e91b2b25e04325345b37e22ef4bb333d329f093f9e0acccd6d76327,2020-04-24 à 12:20:46,0
47,MACRON,Pierre,1969-06-20,PierreMACRON@gmail.com,06.66.74.77.28.,rue de France,L2-MIPI,B3,bf08fb481334d568bddbea9d1d16f80f96d29bf518c4ce1419984d082abb15f6bf08fb481334d568bddbea9d1d16f80f96d29bf518c4ce1419984d082abb15f6,account,bf08fb481334d568bddbea9d1d16f80f96d29bf518c4ce1419984d082abb15f6,2020-04-24 à 12:20:46,0
48,CASIMIR-PERIER,Benjamin,1969-06-20,BenjaminCASIMIR-PERIER@gmail.com,06.53.96.69.70.,rue de France,LPI-RIWS,D2,66e47b4fe5591b7753ec14ec5c970910df4adfb9511d4d659507c7f3df3ea7ca66e47b4fe5591b7753ec14ec5c970910df4adfb9511d4d659507c7f3df3ea7ca,account,66e47b4fe5591b7753ec14ec5c970910df4adfb9511d4d659507c7f3df3ea7ca,2020-04-24 à 12:20:46,0
49,FAURE,Quentin,1969-06-20,QuentinFAURE@gmail.com,06.18.39.30.98.,rue de France,LPI-RIWS,D1,ea4ebab7a499c8cd92f5cd2ae979eba3ebff35384e75de9eba54681c429dd231ea4ebab7a499c8cd92f5cd2ae979eba3ebff35384e75de9eba54681c429dd231,account,ea4ebab7a499c8cd92f5cd2ae979eba3ebff35384e75de9eba54681c429dd231,2020-04-24 à 12:20:46,0
50,LOUBET,Merle,1969-06-20,MerleLOUBET@gmail.com,06.62.75.10.75.,rue de France,ECO,E3,5e0dade419b732ca510742ee267452aa28fda4d1836513e38a79dbaa647740cc5e0dade419b732ca510742ee267452aa28fda4d1836513e38a79dbaa647740cc,account,5e0dade419b732ca510742ee267452aa28fda4d1836513e38a79dbaa647740cc,2020-04-24 à 12:20:46,0
51,HOLLANDE,Marine,1969-06-20,MarineHOLLANDE@gmail.com,06.49.38.69.10.,rue de France,ECO,E3,f29b741c84ae1e8b628dff22577afc84baa9a307fe24f641cb3a989e23f56c64f29b741c84ae1e8b628dff22577afc84baa9a307fe24f641cb3a989e23f56c64,account,f29b741c84ae1e8b628dff22577afc84baa9a307fe24f641cb3a989e23f56c64,2020-04-24 à 12:20:46,0
52,FAURE,Nicolas,1969-06-20,NicolasFAURE@gmail.com,06.26.64.89.65.,rue de France,TS1,F3,180ab637caa720e0fad48747d0f008a76506d4a67955354816a508b8eb08bf8a180ab637caa720e0fad48747d0f008a76506d4a67955354816a508b8eb08bf8a,account,180ab637caa720e0fad48747d0f008a76506d4a67955354816a508b8eb08bf8a,2020-04-24 à 12:20:46,0
53,MITTERRAND,Thibault,1969-06-20,ThibaultMITTERRAND@gmail.com,06.59.42.88.23.,rue de France,LP-RS,C3,503e2ef2d20bd0de35f80e2b1be799f81bbddeeaced61b4f206fc479cf8b0435503e2ef2d20bd0de35f80e2b1be799f81bbddeeaced61b4f206fc479cf8b0435,account,503e2ef2d20bd0de35f80e2b1be799f81bbddeeaced61b4f206fc479cf8b0435,2020-04-24 à 12:20:46,0
54,MACRON,Patrick,1969-06-20,PatrickMACRON@gmail.com,06.42.49.15.82.,rue de France,LPI-RIWS,D1,a530d88df40f269ddf3fcee58b461786120115a79710b8a9c473671a5b8382d9a530d88df40f269ddf3fcee58b461786120115a79710b8a9c473671a5b8382d9,account,a530d88df40f269ddf3fcee58b461786120115a79710b8a9c473671a5b8382d9,2020-04-24 à 12:20:46,0
55,CHIRAC,Thibault,1969-06-20,ThibaultCHIRAC@gmail.com,06.34.40.83.33.,rue de France,TS1,F2,9c4c39d451ffa271fbd96fd8dc690a16801eba668dca0856dbe9b81eb9ba52a09c4c39d451ffa271fbd96fd8dc690a16801eba668dca0856dbe9b81eb9ba52a0,account,9c4c39d451ffa271fbd96fd8dc690a16801eba668dca0856dbe9b81eb9ba52a0,2020-04-24 à 12:20:46,0
56,DESCHANEL,Martin,1969-06-20,MartinDESCHANEL@gmail.com,06.80.40.33.59.,rue de France,LP-RS,C3,1418a852088a652c3ab4aff0ce5e3b984ff18dc1f1fcd8d313b097963121135e1418a852088a652c3ab4aff0ce5e3b984ff18dc1f1fcd8d313b097963121135e,account,1418a852088a652c3ab4aff0ce5e3b984ff18dc1f1fcd8d313b097963121135e,2020-04-24 à 12:20:46,0
57,HOLLANDE,Florian,1969-06-20,FlorianHOLLANDE@gmail.com,06.92.69.82.26.,rue de France,L1-MIPI,A3,1f5ee5e25e9a430774c20ba08e9b9698d6f6b76a5190b322703f745cb685cddf1f5ee5e25e9a430774c20ba08e9b9698d6f6b76a5190b322703f745cb685cddf,account,1f5ee5e25e9a430774c20ba08e9b9698d6f6b76a5190b322703f745cb685cddf,2020-04-24 à 12:20:46,0
58,CASIMIR-PERIER,Patrick,1969-06-20,PatrickCASIMIR-PERIER@gmail.com,06.71.21.81.25.,rue de France,Indefini,Indefini,3cb4c2be24711a79394b6386d37903218ca1c04f4c20a08f6029aa5eb8d148693cb4c2be24711a79394b6386d37903218ca1c04f4c20a08f6029aa5eb8d14869,account,3cb4c2be24711a79394b6386d37903218ca1c04f4c20a08f6029aa5eb8d14869,2020-04-24 à 12:20:46,0
59,HOLLANDE,Joel,1969-06-20,JoelHOLLANDE@gmail.com,06.49.52.14.17.,rue de France,L1-MIPI,A1,bf9dcebe2c2a591d705f4eb1dce5c4ee9be73ccd05fcff275d659aea818d8291bf9dcebe2c2a591d705f4eb1dce5c4ee9be73ccd05fcff275d659aea818d8291,account,bf9dcebe2c2a591d705f4eb1dce5c4ee9be73ccd05fcff275d659aea818d8291,2020-04-24 à 12:20:46,0
60,MITTERRAND,Marie,1969-06-20,MarieMITTERRAND@gmail.com,06.76.59.62.62.,rue de France,ECO,E2,d8f9b458b5ed904c8fc33eba6b97e8e6bb3bc9d6a3360f3a1a4a90ad53d18725d8f9b458b5ed904c8fc33eba6b97e8e6bb3bc9d6a3360f3a1a4a90ad53d18725,account,d8f9b458b5ed904c8fc33eba6b97e8e6bb3bc9d6a3360f3a1a4a90ad53d18725,2020-04-24 à 12:20:46,0
61,POMPIDOU,Martin,1969-06-20,MartinPOMPIDOU@gmail.com,06.99.50.27.75.,rue de France,ECO,E3,033e5eacf18c102bea9a08283a790c8f63621c1f10b739c41b71e8ff3a9b2427033e5eacf18c102bea9a08283a790c8f63621c1f10b739c41b71e8ff3a9b2427,account,033e5eacf18c102bea9a08283a790c8f63621c1f10b739c41b71e8ff3a9b2427,2020-04-24 à 12:20:46,0
62,FAURE,Nour,1969-06-20,NourFAURE@gmail.com,06.43.31.53.10.,rue de France,ECO,E1,373f32bade1bead2d644d8324e6113db13ad8a892e208b9f1a1324057c18d335373f32bade1bead2d644d8324e6113db13ad8a892e208b9f1a1324057c18d335,account,373f32bade1bead2d644d8324e6113db13ad8a892e208b9f1a1324057c18d335,2020-04-24 à 12:20:46,0
63,SARKOZY,Valerie,1969-06-20,ValerieSARKOZY@gmail.com,06.92.91.92.75.,rue de France,ECO,E2,812ddef4234f423fa45c4eb20cae3afbe610e3670ce3149173661ef3503ec6a5812ddef4234f423fa45c4eb20cae3afbe610e3670ce3149173661ef3503ec6a5,account,812ddef4234f423fa45c4eb20cae3afbe610e3670ce3149173661ef3503ec6a5,2020-04-24 à 12:20:46,0
64,HOLLANDE,Jacqueline,1969-06-20,JacquelineHOLLANDE@gmail.com,06.39.96.29.80.,rue de France,TS1,F1,31280c750b4d5ae9c2ab5500118143a9e30eb0f4ec1e98d97118c16d1988005b31280c750b4d5ae9c2ab5500118143a9e30eb0f4ec1e98d97118c16d1988005b,account,31280c750b4d5ae9c2ab5500118143a9e30eb0f4ec1e98d97118c16d1988005b,2020-04-24 à 12:20:46,0
65,CHIRAC,Thibault,1969-06-20,ThibaultCHIRAC@gmail.com,06.21.13.72.20.,rue de France,LPI-RIWS,D1,9c4c39d451ffa271fbd96fd8dc690a16801eba668dca0856dbe9b81eb9ba52a09c4c39d451ffa271fbd96fd8dc690a16801eba668dca0856dbe9b81eb9ba52a0,account,9c4c39d451ffa271fbd96fd8dc690a16801eba668dca0856dbe9b81eb9ba52a0,2020-04-24 à 12:20:46,0
66,HOLLANDE,Nathan,1969-06-20,NathanHOLLANDE@gmail.com,06.37.53.72.79.,rue de France,TS1,F3,b33953a7846eaecded7790faf051b70233c89e53a57516ced40173923771da3db33953a7846eaecded7790faf051b70233c89e53a57516ced40173923771da3d,account,b33953a7846eaecded7790faf051b70233c89e53a57516ced40173923771da3d,2020-04-24 à 12:20:46,0
67,AURIOL,Jean,1969-06-20,JeanAURIOL@gmail.com,06.55.25.70.33.,rue de France,ECO,E3,ed8f8972853dbc9bd4eae70e57adb0e7cfed97f1f47fe4d84906ba0fceca1c04ed8f8972853dbc9bd4eae70e57adb0e7cfed97f1f47fe4d84906ba0fceca1c04,account,ed8f8972853dbc9bd4eae70e57adb0e7cfed97f1f47fe4d84906ba0fceca1c04,2020-04-24 à 12:20:46,0
68,COTY,Joel,1969-06-20,JoelCOTY@gmail.com,06.18.33.84.63.,rue de France,LP-RS,C3,dfcb53e612af6b808ed46a81015916f05ea50b495a6344864a9fde1f7ba5c173dfcb53e612af6b808ed46a81015916f05ea50b495a6344864a9fde1f7ba5c173,account,dfcb53e612af6b808ed46a81015916f05ea50b495a6344864a9fde1f7ba5c173,2020-04-24 à 12:20:46,0
69,CHIRAC,Ariana,1969-06-20,ArianaCHIRAC@gmail.com,06.85.19.41.37.,rue de France,Indefini,Indefini,7e78937a0b25e624c4e2223745e0812095804a5cfaebe89faed432206b9920de7e78937a0b25e624c4e2223745e0812095804a5cfaebe89faed432206b9920de,account,7e78937a0b25e624c4e2223745e0812095804a5cfaebe89faed432206b9920de,2020-04-24 à 12:20:46,0
70,DESCHANEL,Ariana,1969-06-20,ArianaDESCHANEL@gmail.com,06.70.16.30.34.,rue de France,LPI-RIWS,D2,ad313f92a068314e3d7cc5106b8a472794a03c3e7130c06ef330a02ed07f6721ad313f92a068314e3d7cc5106b8a472794a03c3e7130c06ef330a02ed07f6721,account,ad313f92a068314e3d7cc5106b8a472794a03c3e7130c06ef330a02ed07f6721,2020-04-24 à 12:20:46,0
71,CASIMIR-PERIER,Killian,1969-06-20,KillianCASIMIR-PERIER@gmail.com,06.40.78.23.44.,rue de France,LP-RS,C2,edcbd6b6e22ce77c5109f928e87f10bf4de1af36238b90a1b50455cbd619af8cedcbd6b6e22ce77c5109f928e87f10bf4de1af36238b90a1b50455cbd619af8c,account,edcbd6b6e22ce77c5109f928e87f10bf4de1af36238b90a1b50455cbd619af8c,2020-04-24 à 12:20:46,0
72,POINCARE,Joel,1969-06-20,JoelPOINCARE@gmail.com,06.99.86.88.63.,rue de France,TS1,F1,86a2a36cc7f3738ac09cd0a80744bf908f8e85d5445bf48008aa5e8aec85517d86a2a36cc7f3738ac09cd0a80744bf908f8e85d5445bf48008aa5e8aec85517d,account,86a2a36cc7f3738ac09cd0a80744bf908f8e85d5445bf48008aa5e8aec85517d,2020-04-24 à 12:20:46,0
73,CARNOT,Valerie,1969-06-20,ValerieCARNOT@gmail.com,06.12.29.52.58.,rue de France,LP-RS,C1,532bacca19306a58874cb94fc1eee858834dbe7928c8d8070a0af11478a45056532bacca19306a58874cb94fc1eee858834dbe7928c8d8070a0af11478a45056,account,532bacca19306a58874cb94fc1eee858834dbe7928c8d8070a0af11478a45056,2020-04-24 à 12:20:46,0
74,DE GAULLE,Charles,1969-06-20,CharlesDE GAULLE@gmail.com,06.49.60.79.43.,rue de France,ECO,E3,09a8b6fece81b0b70fd505cea398559c1af34543f8c4e4aa0264d9cd910fd31a09a8b6fece81b0b70fd505cea398559c1af34543f8c4e4aa0264d9cd910fd31a,account,09a8b6fece81b0b70fd505cea398559c1af34543f8c4e4aa0264d9cd910fd31a,2020-04-24 à 12:20:46,0
75,POMPIDOU,Valerie,1969-06-20,ValeriePOMPIDOU@gmail.com,06.99.76.99.71.,rue de France,LP-RS,C2,bae95df08b25f61433db5657579b227988f72c6db4dcd29bc34c9ba6317a15f9bae95df08b25f61433db5657579b227988f72c6db4dcd29bc34c9ba6317a15f9,account,bae95df08b25f61433db5657579b227988f72c6db4dcd29bc34c9ba6317a15f9,2020-04-24 à 12:20:46,0
76,THIERS,Nour,1969-06-20,NourTHIERS@gmail.com,06.64.28.15.11.,rue de France,LPI-RIWS,D2,b4c9930517ce7c0852cd41a865f6c91eecb91dfbf5ddebdb1a7fc9ea0412d5cab4c9930517ce7c0852cd41a865f6c91eecb91dfbf5ddebdb1a7fc9ea0412d5ca,account,b4c9930517ce7c0852cd41a865f6c91eecb91dfbf5ddebdb1a7fc9ea0412d5ca,2020-04-24 à 12:20:46,0
77,LOUBET,Joseph,1969-06-20,JosephLOUBET@gmail.com,06.57.49.91.36.,rue de France,TS1,F3,01d4c7b9f57704f659d4a867b6d020ae68799ab6653e50224295226eba3062cd01d4c7b9f57704f659d4a867b6d020ae68799ab6653e50224295226eba3062cd,account,01d4c7b9f57704f659d4a867b6d020ae68799ab6653e50224295226eba3062cd,2020-04-24 à 12:20:46,0
78,POMPIDOU,Jacqueline,1969-06-20,JacquelinePOMPIDOU@gmail.com,06.63.32.33.51.,rue de France,TS1,F2,ee01e35b74c72964496f08ef5e670f831f1772ab77cf5f6a2822f0f515107360ee01e35b74c72964496f08ef5e670f831f1772ab77cf5f6a2822f0f515107360,account,ee01e35b74c72964496f08ef5e670f831f1772ab77cf5f6a2822f0f515107360,2020-04-24 à 12:20:46,0
79,POMPIDOU,Marine,1969-06-20,MarinePOMPIDOU@gmail.com,06.94.57.93.48.,rue de France,LP-RS,C3,d0b698c6dd5915864f7ad21cbf23e728f39325b11a2f6a0eb60d8430680478cbd0b698c6dd5915864f7ad21cbf23e728f39325b11a2f6a0eb60d8430680478cb,account,d0b698c6dd5915864f7ad21cbf23e728f39325b11a2f6a0eb60d8430680478cb,2020-04-24 à 12:20:46,0
80,POMPIDOU,Thibault,1969-06-20,ThibaultPOMPIDOU@gmail.com,06.36.26.64.96.,rue de France,ECO,E3,5c264ca850c81ef1b2e7665b0d3c542f2d8708611c55f01cfec7194b9d0026875c264ca850c81ef1b2e7665b0d3c542f2d8708611c55f01cfec7194b9d002687,account,5c264ca850c81ef1b2e7665b0d3c542f2d8708611c55f01cfec7194b9d002687,2020-04-24 à 12:20:46,0
81,MILLERAND,Quentin,1969-06-20,QuentinMILLERAND@gmail.com,06.51.90.42.44.,rue de France,LP-RS,C3,d4bdcc780be22363c02ef950c3c6a76ff11c8b48efda42d6c78b71ccf0ce91ead4bdcc780be22363c02ef950c3c6a76ff11c8b48efda42d6c78b71ccf0ce91ea,account,d4bdcc780be22363c02ef950c3c6a76ff11c8b48efda42d6c78b71ccf0ce91ea,2020-04-24 à 12:20:46,0
82,FAURE,Joel,1969-06-20,JoelFAURE@gmail.com,06.96.31.68.49.,rue de France,L2-MIPI,B1,89f356a94c8c3a58115b008ad98ca3596b1641047a7b9379f124b74a81148d3e89f356a94c8c3a58115b008ad98ca3596b1641047a7b9379f124b74a81148d3e,account,89f356a94c8c3a58115b008ad98ca3596b1641047a7b9379f124b74a81148d3e,2020-04-24 à 12:20:46,0
83,DE GAULLE,Jacque,1969-06-20,JacqueDE GAULLE@gmail.com,06.70.52.34.59.,rue de France,ECO,E1,5913f17fce865afafddf40a4cd5f209976965537bdf5fd76f824b668cd42dae65913f17fce865afafddf40a4cd5f209976965537bdf5fd76f824b668cd42dae6,account,5913f17fce865afafddf40a4cd5f209976965537bdf5fd76f824b668cd42dae6,2020-04-24 à 12:20:46,0
84,POINCARE,Eden,1969-06-20,EdenPOINCARE@gmail.com,06.42.28.70.74.,rue de France,LPI-RIWS,D1,32ee79062da2991d1221efae33a5fd1949c93a2d11ddefb87046cc840ad75ae032ee79062da2991d1221efae33a5fd1949c93a2d11ddefb87046cc840ad75ae0,account,32ee79062da2991d1221efae33a5fd1949c93a2d11ddefb87046cc840ad75ae0,2020-04-24 à 12:20:46,0
85,DOUMER,Marine,1969-06-20,MarineDOUMER@gmail.com,06.60.66.83.53.,rue de France,L2-MIPI,B2,8dd71282ab59e8c0f6d575b4eac2be26cc647fcbd40e7e5c61dec01a255c16128dd71282ab59e8c0f6d575b4eac2be26cc647fcbd40e7e5c61dec01a255c1612,account,8dd71282ab59e8c0f6d575b4eac2be26cc647fcbd40e7e5c61dec01a255c1612,2020-04-24 à 12:20:46,0
86,HOLLANDE,Georges,1969-06-20,GeorgesHOLLANDE@gmail.com,06.91.70.19.73.,rue de France,L1-MIPI,A1,8a1224163cc24b13e6cf9c588433fd89295a75170adceb2d51afa2091bca3e9e8a1224163cc24b13e6cf9c588433fd89295a75170adceb2d51afa2091bca3e9e,account,8a1224163cc24b13e6cf9c588433fd89295a75170adceb2d51afa2091bca3e9e,2020-04-24 à 12:20:46,0
87,FALLIERES,Eden,1969-06-20,EdenFALLIERES@gmail.com,06.68.17.61.95.,rue de France,LP-RS,C2,dd514d1a55935d6921185bf2f2039f0d02a543b95c406274064ee2c1aa6499f3dd514d1a55935d6921185bf2f2039f0d02a543b95c406274064ee2c1aa6499f3,account,dd514d1a55935d6921185bf2f2039f0d02a543b95c406274064ee2c1aa6499f3,2020-04-24 à 12:20:46,0
88,LOUBET,Emmanuel,1969-06-20,EmmanuelLOUBET@gmail.com,06.60.33.18.24.,rue de France,Indefini,Indefini,bdf4e7e571eaeef52b9562a680f2f34fa54c5d84ff9cd82955afd5e6de289eb6bdf4e7e571eaeef52b9562a680f2f34fa54c5d84ff9cd82955afd5e6de289eb6,account,bdf4e7e571eaeef52b9562a680f2f34fa54c5d84ff9cd82955afd5e6de289eb6,2020-04-24 à 12:20:46,0
89,LOUBET,Joseph,1969-06-20,JosephLOUBET@gmail.com,06.12.31.75.69.,rue de France,LPI-RIWS,D1,01d4c7b9f57704f659d4a867b6d020ae68799ab6653e50224295226eba3062cd01d4c7b9f57704f659d4a867b6d020ae68799ab6653e50224295226eba3062cd,account,01d4c7b9f57704f659d4a867b6d020ae68799ab6653e50224295226eba3062cd,2020-04-24 à 12:20:46,0
90,COTY,Joseph,1969-06-20,JosephCOTY@gmail.com,06.81.55.56.67.,rue de France,L2-MIPI,B2,ce3af5105e91b2b25e04325345b37e22ef4bb333d329f093f9e0acccd6d76327ce3af5105e91b2b25e04325345b37e22ef4bb333d329f093f9e0acccd6d76327,account,ce3af5105e91b2b25e04325345b37e22ef4bb333d329f093f9e0acccd6d76327,2020-04-24 à 12:20:46,0
91,HOLLANDE,Francois,1969-06-20,FrancoisHOLLANDE@gmail.com,06.56.27.24.14.,rue de France,LP-RS,C2,ab40f0b0f2369992427702f5d8862692619493164a46159a25f5489cb72b8393ab40f0b0f2369992427702f5d8862692619493164a46159a25f5489cb72b8393,account,ab40f0b0f2369992427702f5d8862692619493164a46159a25f5489cb72b8393,2020-04-24 à 12:20:46,0
92,GISCARD D'ESTAING,Merle,1969-06-20,MerleGISCARD D'ESTAING@gmail.com,06.53.60.90.49.,rue de France,Indefini,Indefini,95c7eeca0056722926228c1506d015345420b702ec40ef9bc3dd73f07878f37995c7eeca0056722926228c1506d015345420b702ec40ef9bc3dd73f07878f379,account,95c7eeca0056722926228c1506d015345420b702ec40ef9bc3dd73f07878f379,2020-04-24 à 12:20:46,0
93,CHIRAC,Patrick,1969-06-20,PatrickCHIRAC@gmail.com,06.74.24.46.98.,rue de France,L2-MIPI,B1,3cb4c2be24711a79394b6386d37903218ca1c04f4c20a08f6029aa5eb8d148693cb4c2be24711a79394b6386d37903218ca1c04f4c20a08f6029aa5eb8d14869,account,3cb4c2be24711a79394b6386d37903218ca1c04f4c20a08f6029aa5eb8d14869,2020-04-24 à 12:20:46,0
94,MILLERAND,Eden,1969-06-20,EdenMILLERAND@gmail.com,06.70.20.35.94.,rue de France,LPI-RIWS,D1,02a90e938f70fef979169777b35ffbbb1ea63bea6b9e23c56a0a715cbf945b1e02a90e938f70fef979169777b35ffbbb1ea63bea6b9e23c56a0a715cbf945b1e,account,02a90e938f70fef979169777b35ffbbb1ea63bea6b9e23c56a0a715cbf945b1e,2020-04-24 à 12:20:46,0
95,LOUBET,Pierre,1969-06-20,PierreLOUBET@gmail.com,06.26.59.10.96.,rue de France,LP-RS,C2,3283c8833be65832f5a86e197e240fd9e6c5efc39ba1c4497c59cf1ac40b9d433283c8833be65832f5a86e197e240fd9e6c5efc39ba1c4497c59cf1ac40b9d43,account,3283c8833be65832f5a86e197e240fd9e6c5efc39ba1c4497c59cf1ac40b9d43,2020-04-24 à 12:20:46,0
96,THIERS,Marie,1969-06-20,MarieTHIERS@gmail.com,06.44.65.37.87.,rue de France,L1-MIPI,A1,de37141950a095591165e71c96c7c6c725e2de7aa47731bfb600bfb76753e7a8de37141950a095591165e71c96c7c6c725e2de7aa47731bfb600bfb76753e7a8,account,de37141950a095591165e71c96c7c6c725e2de7aa47731bfb600bfb76753e7a8,2020-04-24 à 12:20:46,0
97,MACRON,Killian,1969-06-20,KillianMACRON@gmail.com,06.33.97.69.16.,rue de France,LPI-RIWS,D2,1ae9c1f52772258da070ff99a8a7505b16103480bd0b0ed49ea5c3a4e509f4591ae9c1f52772258da070ff99a8a7505b16103480bd0b0ed49ea5c3a4e509f459,account,1ae9c1f52772258da070ff99a8a7505b16103480bd0b0ed49ea5c3a4e509f459,2020-04-24 à 12:20:46,0
98,CHIRAC,Quentin,1969-06-20,QuentinCHIRAC@gmail.com,06.98.54.53.86.,rue de France,LP-RS,C2,429bdefde1a29dd03e96bda1f07f2b69a7517da2ecf9485a7a6f70474a43a3b0429bdefde1a29dd03e96bda1f07f2b69a7517da2ecf9485a7a6f70474a43a3b0,account,429bdefde1a29dd03e96bda1f07f2b69a7517da2ecf9485a7a6f70474a43a3b0,2020-04-24 à 12:20:46,0
99,COTY,Marine,1969-06-20,MarineCOTY@gmail.com,06.99.12.75.43.,rue de France,LPI-RIWS,D1,c6e7dc66fe21b1215d5a79a8f757ba9daa9ae382ccfa4aa563e073444bfbba21c6e7dc66fe21b1215d5a79a8f757ba9daa9ae382ccfa4aa563e073444bfbba21,account,c6e7dc66fe21b1215d5a79a8f757ba9daa9ae382ccfa4aa563e073444bfbba21,2020-04-24 à 12:20:46,0
100,LOUBET,Francois,1969-06-20,FrancoisLOUBET@gmail.com,06.22.57.87.97.,rue de France,LPI-RIWS,D2,ec898e2fd549e397722866fc5ebfb3160aef88ecdee2ff74e40d1dcb7ed163f9ec898e2fd549e397722866fc5ebfb3160aef88ecdee2ff74e40d1dcb7ed163f9,account,ec898e2fd549e397722866fc5ebfb3160aef88ecdee2ff74e40d1dcb7ed163f9,2020-04-24 à 12:20:46,0
101,VITOUX,Quentin,2020-04-22,quentin010801@gmail.com,06.65.25.63.45,rue du confinement,LP-RS,C2,002c16d9a88473bd07de07d4a27c0388150c5f16d213640678bec5bdd9542480fbea52dea92cd64b3b0e1668812ef8b13481cd94f7d077e23f82f7d9b91e04e2,101_VITOUX,fbea52dea92cd64b3b0e1668812ef8b13481cd94f7d077e23f82f7d9b91e04e2,2020-04-24 à 12:52:16,4
102,IMGdetest,img,2020-04-17,img@u-cergy.fr,06.65.25.63.45,img,L2-MIPI,B2,f125eb05d4903e6ce6ad521bd0872dc78c14173c567bac1991b2fc8c02002ce7,102_IMGdetest,5ea862c1954ec,2020-04-28 à 17:07:13,1
103,ENCORELETEST,letest,2020-04-10,aze@u-cergy.fr,06.65.25.63.45,aze,L2-MIPI,B2,8f758cd4aba744b932971e76138e229ce52d581c82eab27bb2f248267a79b403,103_ENCORELETEST,5ea864d37e8c1,2020-04-28 à 17:16:03,1
104,TESTLOG,log,2020-04-17,testlog@u-cergy.fr,06.54.54.85.62,le test des logs,L2-MIPI,B2,025e4af796ff5f36033db6fbb309df7f72bdea8edf4adf5753c374b21bffaec5,account,5ea94400c12ae,2020-04-29 à 09:08:16,1
